{"cameraMode":{"drawMode":0,"name":"Shaded","section":"Shading Mode"},"sceneLighting":true,"audioPlay":false,"sceneViewState":{"showFog":true,"showMaterialUpdate":true,"showSkybox":true,"showFlares":true,"showImageEffects":true,"showParticleSystems":true},"in2DMode":false,"pivot":{"x":-1.5901957750320435,"y":2.0739946365356447,"z":-0.020152471959590913},"rotation":{"x":0.0038377107121050359,"y":-0.9840717911720276,"z":0.1762087196111679,"w":0.02326243743300438},"size":2.8578836917877199,"orthographic":false}